,Unnamed: 0,Voltage Set,Current Set,Voltage Measured,Current Measured,Voltage Absolute Error,Voltage Percentage Error (%),Current Absolute Error,Current Percentage Error(%),Upper Error BoundaryVoltage,Lower Error BoundaryVoltage,Condition ?
0,0,0.5,3.572,0.498743404,3.572,0.0012565959999999,0.2513191999999997,0.0,0.0,0.150175,-0.150175,False
1,1,1.0,3.572,0.99800751,3.572,0.00199249,0.1992490000000013,0.0,0.0,0.15034999999999998,-0.15034999999999998,False
2,2,1.5,3.572,1.49680593,3.572,0.0031940699999999,0.2129379999999958,0.0,0.0,0.150525,-0.150525,False
3,3,2.0,3.572,1.99746388,3.572,0.00253612,0.1268060000000015,0.0,0.0,0.1507,-0.1507,False
4,4,2.5,3.572,2.49664649,3.572,0.0033535100000001,0.1341404000000068,0.0,0.0,0.15087499999999998,-0.15087499999999998,False
5,5,3.0,3.572,2.99751334,3.572,0.0024866600000001,0.0828886666666731,0.0,0.0,0.15105,-0.15105,True
6,6,3.5,3.572,3.49668081,3.572,0.00331919,0.0948340000000007,0.0,0.0,0.151225,-0.151225,False
7,7,4.0,3.572,3.99770114,3.572,0.0022988599999997,0.0574714999999947,0.0,0.0,0.1514,-0.1514,True
8,8,4.5,3.572,4.4961283,3.572,0.0038717000000003,0.0860377777777859,0.0,0.0,0.151575,-0.151575,True
9,9,5.0,3.572,4.99653644,3.572,0.0034635600000001,0.0692712000000028,0.0,0.0,0.15175,-0.15175,True
10,10,5.5,3.572,5.49717915,3.572,0.0028208499999999,0.0512881818181815,0.0,0.0,0.151925,-0.151925,True
11,11,6.0,3.572,5.99634472,3.572,0.0036552800000002,0.0609213333333376,0.0,0.0,0.15209999999999999,-0.15209999999999999,True
12,12,6.5,3.572,6.49610318,3.572,0.0038968199999995,0.0599510769230704,0.0,0.0,0.152275,-0.152275,True
13,13,7.0,3.572,6.99606203,3.572,0.0039379699999999,0.0562567142857136,0.0,0.0,0.15245,-0.15245,True
14,14,7.5,3.572,7.49684897,3.572,0.0031510299999997,0.0420137333333296,0.0,0.0,0.15262499999999998,-0.15262499999999998,True
15,15,8.0,3.572,7.99646587,3.572,0.0035341300000002,0.044176625000003,0.0,0.0,0.1528,-0.1528,True
16,16,8.5,3.572,8.49602387,3.572,0.0039761299999998,0.0467779999999983,0.0,0.0,0.152975,-0.152975,True
17,17,9.0,3.572,8.99576732,3.572,0.0042326799999994,0.0470297777777714,0.0,0.0,0.15315,-0.15315,True
18,18,9.5,3.572,9.49627791,3.572,0.0037220900000001,0.0391798947368433,0.0,0.0,0.153325,-0.153325,True
19,19,10.0,3.572,9.99661307,3.572,0.0033869299999995,0.0338692999999956,0.0,0.0,0.1535,-0.1535,True
20,20,10.5,3.572,10.4962442,3.572,0.0037558000000004,0.0357695238095278,0.0,0.0,0.153675,-0.153675,True
21,21,11.0,3.572,10.9962319,3.572,0.0037681000000002,0.034255454545457,0.0,0.0,0.15385,-0.15385,True
22,22,11.5,3.572,11.4961606,3.572,0.0038394000000003,0.033386086956525,0.0,0.0,0.154025,-0.154025,True
23,23,12.0,3.572,11.9966148,3.572,0.0033852000000003,0.0282100000000025,0.0,0.0,0.1542,-0.1542,True
24,24,12.5,3.572,12.4833688,3.572,0.0166312000000008,0.1330496000000067,0.0,0.0,0.15437499999999998,-0.15437499999999998,False
25,25,13.0,3.572,12.985191,3.572,0.0148089999999996,0.1139153846153817,0.0,0.0,0.15455,-0.15455,False
26,26,13.5,3.572,13.4867159,3.572,0.0132840999999999,0.09840074074074,0.0,0.0,0.154725,-0.154725,False
27,27,14.0,3.572,13.9820802,3.572,0.0179197999999995,0.1279985714285685,0.0,0.0,0.15489999999999998,-0.15489999999999998,False
28,28,14.5,3.572,14.488916,3.572,0.0110840000000003,0.076441379310347,0.0,0.0,0.155075,-0.155075,True
29,29,15.0,3.572,14.9814191,3.572,0.0185808999999999,0.1238726666666659,0.0,0.0,0.15525,-0.15525,False
30,30,15.5,3.572,15.4848257,3.572,0.0151742999999999,0.0978987096774191,0.0,0.0,0.155425,-0.155425,False
31,31,0.5,3.3345,0.498797659,3.3345,0.0012023409999999,0.2404681999999991,0.0,0.0,0.150175,-0.150175,False
32,32,1.0,3.3345,0.998211931,3.3345,0.0017880689999999,0.1788068999999947,0.0,0.0,0.15034999999999998,-0.15034999999999998,False
33,33,1.5,3.3345,1.49741788,3.3345,0.00258212,0.1721413333333347,0.0,0.0,0.150525,-0.150525,False
34,34,2.0,3.3345,1.99707941,3.3345,0.00292059,0.1460295,0.0,0.0,0.1507,-0.1507,False
35,35,2.5,3.3345,2.49686986,3.3345,0.0031301400000001,0.1252056000000045,0.0,0.0,0.15087499999999998,-0.15087499999999998,False
36,36,3.0,3.3345,2.99738652,3.3345,0.0026134799999999,0.0871159999999982,0.0,0.0,0.15105,-0.15105,True
37,37,3.5,3.3345,3.49747142,3.3345,0.0025285799999998,0.0722451428571397,0.0,0.0,0.151225,-0.151225,True
38,38,4.0,3.3345,3.99719928,3.3345,0.0028007200000002,0.070018000000005,0.0,0.0,0.1514,-0.1514,True
39,39,4.5,3.3345,4.49711955,3.3345,0.0028804500000001,0.0640100000000032,0.0,0.0,0.151575,-0.151575,True
40,40,5.0,3.3345,4.9972861,3.3345,0.0027138999999998,0.0542779999999964,0.0,0.0,0.15175,-0.15175,True
41,41,5.5,3.3345,5.49731211,3.3345,0.0026878899999998,0.0488707272727237,0.0,0.0,0.151925,-0.151925,True
42,42,6.0,3.3345,5.99663522,3.3345,0.00336478,0.0560796666666677,0.0,0.0,0.15209999999999999,-0.15209999999999999,True
43,43,6.5,3.3345,6.49712829,3.3345,0.0028717099999999,0.0441801538461534,0.0,0.0,0.152275,-0.152275,True
44,44,7.0,3.3345,6.99639829,3.3345,0.0036017099999998,0.0514529999999981,0.0,0.0,0.15245,-0.15245,True
45,45,7.5,3.3345,7.49658112,3.3345,0.0034188799999999,0.0455850666666653,0.0,0.0,0.15262499999999998,-0.15262499999999998,True
46,46,8.0,3.3345,7.99673784,3.3345,0.0032621600000002,0.0407770000000029,0.0,0.0,0.1528,-0.1528,True
47,47,8.5,3.3345,8.49683722,3.3345,0.0031627800000002,0.0372091764705912,0.0,0.0,0.152975,-0.152975,True
48,48,9.0,3.3345,8.99642759,3.3345,0.0035724100000003,0.0396934444444478,0.0,0.0,0.15315,-0.15315,True
49,49,9.5,3.3345,9.49693204,3.3345,0.0030679599999992,0.0322943157894652,0.0,0.0,0.153325,-0.153325,True
50,50,10.0,3.3345,9.99622405,3.3345,0.0037759499999996,0.0377594999999963,0.0,0.0,0.1535,-0.1535,True
51,51,10.5,3.3345,10.4961533,3.3345,0.0038467000000004,0.0366352380952421,0.0,0.0,0.153675,-0.153675,True
52,52,11.0,3.3345,10.9960832,3.3345,0.0039168000000007,0.0356072727272792,0.0,0.0,0.15385,-0.15385,True
53,53,11.5,3.3345,11.4959158,3.3345,0.0040841999999994,0.0355147826086906,0.0,0.0,0.154025,-0.154025,True
54,54,12.0,3.3345,11.9969127,3.3345,0.0030873000000006,0.0257275000000056,0.0,0.0,0.1542,-0.1542,True
55,55,12.5,3.3345,12.4891828,3.3345,0.0108171999999999,0.0865375999999997,0.0,0.0,0.15437499999999998,-0.15437499999999998,True
56,56,13.0,3.3345,12.9889464,3.3345,0.0110536000000003,0.0850276923076948,0.0,0.0,0.15455,-0.15455,True
57,57,13.5,3.3345,13.4878906,3.3345,0.0121093999999999,0.0896992592592588,0.0,0.0,0.154725,-0.154725,True
58,58,14.0,3.3345,13.9888851,3.3345,0.0111149000000008,0.0793921428571486,0.0,0.0,0.15489999999999998,-0.15489999999999998,True
59,59,14.5,3.3345,14.4910867,3.3345,0.0089132999999996,0.0614710344827564,0.0,0.0,0.155075,-0.155075,True
60,60,15.0,3.3345,14.9919588,3.3345,0.0080411999999991,0.0536079999999946,0.0,0.0,0.15525,-0.15525,True
61,61,15.5,3.3345,15.4842026,3.3345,0.0157974000000002,0.1019187096774212,0.0,0.0,0.155425,-0.155425,False
62,62,0.5,3.097,0.498965217,3.097,0.0010347829999999,0.2069565999999967,0.0,0.0,0.150175,-0.150175,False
63,63,1.0,3.097,0.998401471,3.097,0.001598529,0.1598529000000015,0.0,0.0,0.15034999999999998,-0.15034999999999998,False
64,64,1.5,3.097,1.49729867,3.097,0.00270133,0.1800886666666705,0.0,0.0,0.150525,-0.150525,False
65,65,2.0,3.097,1.99761844,3.097,0.0023815599999998,0.1190779999999946,0.0,0.0,0.1507,-0.1507,False
66,66,2.5,3.097,2.49686383,3.097,0.0031361699999998,0.1254467999999953,0.0,0.0,0.15087499999999998,-0.15087499999999998,False
67,67,3.0,3.097,2.99772249,3.097,0.0022775099999998,0.0759169999999957,0.0,0.0,0.15105,-0.15105,True
68,68,3.5,3.097,3.49708156,3.097,0.0029184400000001,0.0833840000000053,0.0,0.0,0.151225,-0.151225,True
69,69,4.0,3.097,3.99669486,3.097,0.0033051400000001,0.0826285000000037,0.0,0.0,0.1514,-0.1514,True
70,70,4.5,3.097,4.49667913,3.097,0.0033208699999995,0.0737971111111019,0.0,0.0,0.151575,-0.151575,True
71,71,5.0,3.097,4.9965709,3.097,0.0034290999999999,0.0685819999999992,0.0,0.0,0.15175,-0.15175,True
72,72,5.5,3.097,5.49726218,3.097,0.0027378200000001,0.0497785454545475,0.0,0.0,0.151925,-0.151925,True
73,73,6.0,3.097,5.996775,3.097,0.0032249999999995,0.0537499999999931,0.0,0.0,0.15209999999999999,-0.15209999999999999,True
74,74,6.5,3.097,6.49687781,3.097,0.00312219,0.0480336923076926,0.0,0.0,0.152275,-0.152275,True
75,75,7.0,3.097,6.99710487,3.097,0.0028951299999997,0.0413589999999963,0.0,0.0,0.15245,-0.15245,True
76,76,7.5,3.097,7.49675424,3.097,0.0032457600000004,0.0432768000000057,0.0,0.0,0.15262499999999998,-0.15262499999999998,True
77,77,8.0,3.097,7.99674082,3.097,0.0032591799999996,0.0407397499999961,0.0,0.0,0.1528,-0.1528,True
78,78,8.5,3.097,8.49616263,3.097,0.0038373699999993,0.0451455294117576,0.0,0.0,0.152975,-0.152975,True
79,79,9.0,3.097,8.99670519,3.097,0.0032948099999998,0.0366089999999985,0.0,0.0,0.15315,-0.15315,True
80,80,9.5,3.097,9.4960425,3.097,0.0039575000000002,0.041657894736845,0.0,0.0,0.153325,-0.153325,True
81,81,10.0,3.097,9.99656139,3.097,0.0034386099999998,0.0343860999999989,0.0,0.0,0.1535,-0.1535,True
82,82,10.5,3.097,10.4965727,3.097,0.0034273000000002,0.0326409523809547,0.0,0.0,0.153675,-0.153675,True
83,83,11.0,3.097,10.997505,3.097,0.0024949999999996,0.0226818181818153,0.0,0.0,0.15385,-0.15385,True
84,84,11.5,3.097,11.4963142,3.097,0.0036857999999995,0.0320504347826045,0.0,0.0,0.154025,-0.154025,True
85,85,12.0,3.097,11.9967635,3.097,0.0032364999999998,0.0269708333333322,0.0,0.0,0.1542,-0.1542,True
86,86,12.5,3.097,12.4906362,3.097,0.0093637999999991,0.0749103999999931,0.0,0.0,0.15437499999999998,-0.15437499999999998,True
87,87,13.0,3.097,12.9865315,3.097,0.0134685000000001,0.1036038461538469,0.0,0.0,0.15455,-0.15455,False
88,88,13.5,3.097,13.4931564,3.097,0.0068435999999998,0.0506933333333321,0.0,0.0,0.154725,-0.154725,True
89,89,14.0,3.097,13.9858866,3.097,0.0141133999999993,0.1008099999999956,0.0,0.0,0.15489999999999998,-0.15489999999999998,False
90,90,14.5,3.097,14.4889816,3.097,0.0110183999999993,0.0759889655172366,0.0,0.0,0.155075,-0.155075,True
91,91,15.0,3.097,14.9863756,3.097,0.0136243999999994,0.0908293333333295,0.0,0.0,0.15525,-0.15525,True
92,92,15.5,3.097,15.4855872,3.097,0.0144128000000005,0.0929858064516165,0.0,0.0,0.155425,-0.155425,True
93,93,0.5,2.8595,0.498892695,2.8595,0.001107305,0.2214610000000005,0.0,0.0,0.150175,-0.150175,False
94,94,1.0,2.8595,0.998491138,2.8595,0.0015088619999999,0.1508861999999999,0.0,0.0,0.15034999999999998,-0.15034999999999998,False
95,95,1.5,2.8595,1.49700846,2.8595,0.00299154,0.1994360000000009,0.0,0.0,0.150525,-0.150525,False
96,96,2.0,2.8595,1.99745326,2.8595,0.0025467400000001,0.1273370000000051,0.0,0.0,0.1507,-0.1507,False
97,97,2.5,2.8595,2.49736674,2.8595,0.00263326,0.1053304000000032,0.0,0.0,0.15087499999999998,-0.15087499999999998,False
98,98,3.0,2.8595,2.99768613,2.8595,0.00231387,0.0771290000000017,0.0,0.0,0.15105,-0.15105,True
99,99,3.5,2.8595,3.49671519,2.8595,0.0032848099999998,0.0938517142857087,0.0,0.0,0.151225,-0.151225,False
100,100,4.0,2.8595,3.99750083,2.8595,0.0024991700000001,0.0624792500000026,0.0,0.0,0.1514,-0.1514,True
101,101,4.5,2.8595,4.49703641,2.8595,0.0029635900000002,0.0658575555555608,0.0,0.0,0.151575,-0.151575,True
102,102,5.0,2.8595,4.99748797,2.8595,0.0025120300000001,0.0502406000000021,0.0,0.0,0.15175,-0.15175,True
103,103,5.5,2.8595,5.49720173,2.8595,0.0027982700000004,0.0508776363636442,0.0,0.0,0.151925,-0.151925,True
104,104,6.0,2.8595,5.99646879,2.8595,0.0035312100000002,0.0588535000000038,0.0,0.0,0.15209999999999999,-0.15209999999999999,True
105,105,6.5,2.8595,6.49665876,2.8595,0.0033412400000001,0.0514036923076943,0.0,0.0,0.152275,-0.152275,True
106,106,7.0,2.8595,6.99712398,2.8595,0.0028760200000004,0.041086000000006,0.0,0.0,0.15245,-0.15245,True
107,107,7.5,2.8595,7.49729036,2.8595,0.0027096399999999,0.0361285333333327,0.0,0.0,0.15262499999999998,-0.15262499999999998,True
108,108,8.0,2.8595,7.99623624,2.8595,0.00376376,0.047047,0.0,0.0,0.1528,-0.1528,True
109,109,8.5,2.8595,8.49694309,2.8595,0.0030569099999997,0.0359636470588205,0.0,0.0,0.152975,-0.152975,True
110,110,9.0,2.8595,8.99667087,2.8595,0.0033291299999991,0.0369903333333236,0.0,0.0,0.15315,-0.15315,True
111,111,9.5,2.8595,9.49650257,2.8595,0.0034974299999994,0.0368150526315733,0.0,0.0,0.153325,-0.153325,True
112,112,10.0,2.8595,9.99689675,2.8595,0.0031032500000005,0.0310325000000055,0.0,0.0,0.1535,-0.1535,True
113,113,10.5,2.8595,10.4963133,2.8595,0.0036866999999993,0.0351114285714226,0.0,0.0,0.153675,-0.153675,True
114,114,11.0,2.8595,10.9964867,2.8595,0.0035132999999998,0.0319390909090893,0.0,0.0,0.15385,-0.15385,True
115,115,11.5,2.8595,11.4957623,2.8595,0.0042376999999991,0.0368495652173836,0.0,0.0,0.154025,-0.154025,True
116,116,12.0,2.8595,11.9962976,2.8595,0.0037023999999998,0.0308533333333323,0.0,0.0,0.1542,-0.1542,True
117,117,12.5,2.8595,12.4871904,2.8595,0.0128096000000006,0.1024768000000051,0.0,0.0,0.15437499999999998,-0.15437499999999998,False
118,118,13.0,2.8595,12.9892406,2.8595,0.0107593999999995,0.0827646153846117,0.0,0.0,0.15455,-0.15455,True
119,119,13.5,2.8595,13.4818513,2.8595,0.0181486999999993,0.13443481481481,0.0,0.0,0.154725,-0.154725,False
120,120,14.0,2.8595,13.9889189,2.8595,0.0110811000000001,0.0791507142857155,0.0,0.0,0.15489999999999998,-0.15489999999999998,True
121,121,14.5,2.8595,14.4855756,2.8595,0.0144243999999993,0.0994786206896506,0.0,0.0,0.155075,-0.155075,False
122,122,15.0,2.8595,14.9875122,2.8595,0.0124878000000006,0.083252000000004,0.0,0.0,0.15525,-0.15525,True
123,123,15.5,2.8595,15.4825768,2.8595,0.0174231999999996,0.1124077419354815,0.0,0.0,0.155425,-0.155425,False
124,124,0.5,2.622,0.49898514,2.622,0.00101486,0.2029720000000012,0.0,0.0,0.150175,-0.150175,False
125,125,1.0,2.622,0.998525409,2.622,0.001474591,0.1474591000000025,0.0,0.0,0.15034999999999998,-0.15034999999999998,False
126,126,1.5,2.622,1.49727651,2.622,0.0027234899999999,0.1815659999999959,0.0,0.0,0.150525,-0.150525,False
127,127,2.0,2.622,1.99814708,2.622,0.0018529199999999,0.0926459999999962,0.0,0.0,0.1507,-0.1507,False
128,128,2.5,2.622,2.49756814,2.622,0.0024318600000001,0.0972744000000069,0.0,0.0,0.15087499999999998,-0.15087499999999998,False
129,129,3.0,2.622,2.99742991,2.622,0.0025700899999998,0.0856696666666619,0.0,0.0,0.15105,-0.15105,True
130,130,3.5,2.622,3.49726204,2.622,0.0027379600000001,0.0782274285714328,0.0,0.0,0.151225,-0.151225,True
131,131,4.0,2.622,3.99750688,2.622,0.00249312,0.0623280000000003,0.0,0.0,0.1514,-0.1514,True
132,132,4.5,2.622,4.49781629,2.622,0.0021837099999997,0.0485268888888828,0.0,0.0,0.151575,-0.151575,True
133,133,5.0,2.622,4.99682802,2.622,0.0031719800000002,0.0634396000000059,0.0,0.0,0.15175,-0.15175,True
134,134,5.5,2.622,5.49714623,2.622,0.0028537699999997,0.0518867272727228,0.0,0.0,0.151925,-0.151925,True
135,135,6.0,2.622,5.99713915,2.622,0.0028608500000002,0.0476808333333374,0.0,0.0,0.15209999999999999,-0.15209999999999999,True
136,136,6.5,2.622,6.49739266,2.622,0.0026073399999999,0.0401129230769224,0.0,0.0,0.152275,-0.152275,True
137,137,7.0,2.622,6.99742929,2.622,0.0025707099999996,0.0367244285714234,0.0,0.0,0.15245,-0.15245,True
138,138,7.5,2.622,7.49673781,2.622,0.00326219,0.0434958666666673,0.0,0.0,0.15262499999999998,-0.15262499999999998,True
139,139,8.0,2.622,7.99616332,2.622,0.00383668,0.0479585000000004,0.0,0.0,0.1528,-0.1528,True
140,140,8.5,2.622,8.4972164,2.622,0.0027836000000007,0.0327482352941267,0.0,0.0,0.152975,-0.152975,True
141,141,9.0,2.622,8.99666574,2.622,0.0033342600000008,0.0370473333333423,0.0,0.0,0.15315,-0.15315,True
142,142,9.5,2.622,9.49665212,2.622,0.0033478799999997,0.0352408421052605,0.0,0.0,0.153325,-0.153325,True
143,143,10.0,2.622,9.99713415,2.622,0.0028658499999991,0.0286584999999917,0.0,0.0,0.1535,-0.1535,True
144,144,10.5,2.622,10.4970639,2.622,0.0029360999999994,0.0279628571428518,0.0,0.0,0.153675,-0.153675,True
145,145,11.0,2.622,10.9964333,2.622,0.0035667000000003,0.0324245454545487,0.0,0.0,0.15385,-0.15385,True
146,146,11.5,2.622,11.4963598,2.622,0.0036401999999995,0.0316539130434742,0.0,0.0,0.154025,-0.154025,True
147,147,12.0,2.622,11.9972682,2.622,0.0027317999999993,0.0227649999999949,0.0,0.0,0.1542,-0.1542,True
148,148,12.5,2.622,12.4858752,2.622,0.0141247999999993,0.112998399999995,0.0,0.0,0.15437499999999998,-0.15437499999999998,False
149,149,13.0,2.622,12.9909503,2.622,0.0090497000000002,0.069613076923079,0.0,0.0,0.15455,-0.15455,True
150,150,13.5,2.622,13.4855353,2.622,0.0144646999999995,0.1071459259259226,0.0,0.0,0.154725,-0.154725,False
151,151,14.0,2.622,13.9930394,2.622,0.0069605999999993,0.0497185714285665,0.0,0.0,0.15489999999999998,-0.15489999999999998,True
152,152,14.5,2.622,14.4852306,2.622,0.0147694000000004,0.1018579310344861,0.0,0.0,0.155075,-0.155075,False
153,153,15.0,2.622,14.9882554,2.622,0.0117446000000001,0.078297333333334,0.0,0.0,0.15525,-0.15525,True
154,154,15.5,2.622,15.4910776,2.622,0.0089223999999994,0.0575638709677383,0.0,0.0,0.155425,-0.155425,True
155,155,0.5,2.3845,0.499047867,2.3845,0.000952133,0.1904266000000043,0.0,0.0,0.150175,-0.150175,False
156,156,1.0,2.3845,0.998626422,2.3845,0.001373578,0.1373578000000042,0.0,0.0,0.15034999999999998,-0.15034999999999998,False
157,157,1.5,2.3845,1.49796546,2.3845,0.0020345399999999,0.1356359999999945,0.0,0.0,0.150525,-0.150525,False
158,158,2.0,2.3845,1.99815287,2.3845,0.00184713,0.0923565000000015,0.0,0.0,0.1507,-0.1507,False
159,159,2.5,2.3845,2.49717669,2.3845,0.0028233100000001,0.1129324000000053,0.0,0.0,0.15087499999999998,-0.15087499999999998,False
160,160,3.0,2.3845,2.99736623,2.3845,0.00263377,0.0877923333333363,0.0,0.0,0.15105,-0.15105,True
161,161,3.5,2.3845,3.4971111,2.3845,0.0028888999999998,0.082539999999996,0.0,0.0,0.151225,-0.151225,True
162,162,4.0,2.3845,3.99771078,2.3845,0.0022892200000002,0.057230500000005,0.0,0.0,0.1514,-0.1514,True
163,163,4.5,2.3845,4.49679909,2.3845,0.0032009100000003,0.0711313333333407,0.0,0.0,0.151575,-0.151575,True
164,164,5.0,2.3845,4.99750975,2.3845,0.0024902500000001,0.0498050000000027,0.0,0.0,0.15175,-0.15175,True
165,165,5.5,2.3845,5.49791633,2.3845,0.0020836700000002,0.0378849090909128,0.0,0.0,0.151925,-0.151925,True
166,166,6.0,2.3845,5.9967884,2.3845,0.0032116000000002,0.05352666666667,0.0,0.0,0.15209999999999999,-0.15209999999999999,True
167,167,6.5,2.3845,6.49735106,2.3845,0.0026489400000002,0.0407529230769271,0.0,0.0,0.152275,-0.152275,True
168,168,7.0,2.3845,6.99703202,2.3845,0.0029679800000002,0.0423997142857171,0.0,0.0,0.15245,-0.15245,True
169,169,7.5,2.3845,7.49697076,2.3845,0.00302924,0.0403898666666672,0.0,0.0,0.15262499999999998,-0.15262499999999998,True
170,170,8.0,2.3845,7.996505,2.3845,0.003495,0.0436875000000003,0.0,0.0,0.1528,-0.1528,True
171,171,8.5,2.3845,8.49756986,2.3845,0.0024301399999995,0.0285898823529355,0.0,0.0,0.152975,-0.152975,True
172,172,9.0,2.3845,8.996595,2.3845,0.0034050000000007,0.0378333333333418,0.0,0.0,0.15315,-0.15315,True
173,173,9.5,2.3845,9.49690492,2.3845,0.0030950799999995,0.0325797894736798,0.0,0.0,0.153325,-0.153325,True
174,174,10.0,2.3845,9.99678737,2.3845,0.0032126300000001,0.0321263000000016,0.0,0.0,0.1535,-0.1535,True
175,175,10.5,2.3845,10.4969038,2.3845,0.0030961999999998,0.0294876190476179,0.0,0.0,0.153675,-0.153675,True
176,176,11.0,2.3845,10.9962219,2.3845,0.0037780999999998,0.0343463636363626,0.0,0.0,0.15385,-0.15385,True
177,177,11.5,2.3845,11.4959695,2.3845,0.0040305000000007,0.0350478260869627,0.0,0.0,0.154025,-0.154025,True
178,178,12.0,2.3845,11.9975105,2.3845,0.0024894999999993,0.020745833333328,0.0,0.0,0.1542,-0.1542,True
179,179,12.5,2.3845,12.4928369,2.3845,0.0071630999999996,0.0573047999999971,0.0,0.0,0.15437499999999998,-0.15437499999999998,True
180,180,13.0,2.3845,12.9910933,2.3845,0.0089067000000007,0.0685130769230824,0.0,0.0,0.15455,-0.15455,True
181,181,13.5,2.3845,13.4862938,2.3845,0.0137061999999996,0.1015274074074049,0.0,0.0,0.154725,-0.154725,False
182,182,14.0,2.3845,13.9898966,2.3845,0.0101034000000002,0.0721671428571443,0.0,0.0,0.15489999999999998,-0.15489999999999998,True
183,183,14.5,2.3845,14.4943257,2.3845,0.0056743000000007,0.0391331034482813,0.0,0.0,0.155075,-0.155075,True
184,184,15.0,2.3845,14.984901,2.3845,0.0150989999999993,0.1006599999999953,0.0,0.0,0.15525,-0.15525,False
185,185,15.5,2.3845,15.4898927,2.3845,0.0101072999999995,0.0652083870967716,0.0,0.0,0.155425,-0.155425,True
186,186,0.5,2.147,0.499190812,2.147,0.000809188,0.1618376000000032,0.0,0.0,0.150175,-0.150175,False
187,187,1.0,2.147,0.998896231,2.147,0.0011037689999999,0.1103768999999976,0.0,0.0,0.15034999999999998,-0.15034999999999998,False
188,188,1.5,2.147,1.4974864,2.147,0.0025135999999998,0.1675733333333262,0.0,0.0,0.150525,-0.150525,False
189,189,2.0,2.147,1.99796774,2.147,0.00203226,0.1016130000000004,0.0,0.0,0.1507,-0.1507,False
190,190,2.5,2.147,2.49767577,2.147,0.0023242300000001,0.0929692000000059,0.0,0.0,0.15087499999999998,-0.15087499999999998,False
191,191,3.0,2.147,2.99751201,2.147,0.0024879900000001,0.0829330000000035,0.0,0.0,0.15105,-0.15105,True
192,192,3.5,2.147,3.49725096,2.147,0.0027490399999998,0.0785439999999962,0.0,0.0,0.151225,-0.151225,True
193,193,4.0,2.147,3.99679194,2.147,0.0032080599999999,0.0802014999999989,0.0,0.0,0.1514,-0.1514,True
194,194,4.5,2.147,4.49739815,2.147,0.0026018499999995,0.0578188888888793,0.0,0.0,0.151575,-0.151575,True
195,195,5.0,2.147,4.99717576,2.147,0.0028242399999998,0.0564847999999962,0.0,0.0,0.15175,-0.15175,True
196,196,5.5,2.147,5.49678849,2.147,0.0032115099999998,0.0583910909090884,0.0,0.0,0.151925,-0.151925,True
197,197,6.0,2.147,5.99727325,2.147,0.0027267499999998,0.0454458333333314,0.0,0.0,0.15209999999999999,-0.15209999999999999,True
198,198,6.5,2.147,6.49737032,2.147,0.00262968,0.0404566153846165,0.0,0.0,0.152275,-0.152275,True
199,199,7.0,2.147,6.99695283,2.147,0.0030471700000003,0.0435310000000045,0.0,0.0,0.15245,-0.15245,True
200,200,7.5,2.147,7.49758765,2.147,0.0024123500000001,0.0321646666666689,0.0,0.0,0.15262499999999998,-0.15262499999999998,True
201,201,8.0,2.147,7.99695672,2.147,0.0030432799999999,0.0380409999999997,0.0,0.0,0.1528,-0.1528,True
202,202,8.5,2.147,8.49744978,2.147,0.0025502199999998,0.030002588235292,0.0,0.0,0.152975,-0.152975,True
203,203,9.0,2.147,8.99715278,2.147,0.0028472199999995,0.0316357777777732,0.0,0.0,0.15315,-0.15315,True
204,204,9.5,2.147,9.49662352,2.147,0.00337648,0.0355418947368422,0.0,0.0,0.153325,-0.153325,True
205,205,10.0,2.147,9.99703627,2.147,0.0029637299999993,0.0296372999999938,0.0,0.0,0.1535,-0.1535,True
206,206,10.5,2.147,10.497204,2.147,0.002796,0.0266285714285716,0.0,0.0,0.153675,-0.153675,True
207,207,11.0,2.147,10.9973999,2.147,0.0026001000000004,0.0236372727272767,0.0,0.0,0.15385,-0.15385,True
208,208,11.5,2.147,11.4967109,2.147,0.0032890999999999,0.0286008695652168,0.0,0.0,0.154025,-0.154025,True
209,209,12.0,2.147,11.9969376,2.147,0.0030623999999992,0.0255199999999936,0.0,0.0,0.1542,-0.1542,True
210,210,12.5,2.147,12.4873903,2.147,0.0126097000000005,0.100877600000004,0.0,0.0,0.15437499999999998,-0.15437499999999998,False
211,211,13.0,2.147,12.9881876,2.147,0.0118124000000001,0.0908646153846166,0.0,0.0,0.15455,-0.15455,True
212,212,13.5,2.147,13.4869692,2.147,0.0130307999999992,0.0965244444444387,0.0,0.0,0.154725,-0.154725,False
213,213,14.0,2.147,13.9842429,2.147,0.0157571,0.1125507142857148,0.0,0.0,0.15489999999999998,-0.15489999999999998,False
214,214,14.5,2.147,14.4935426,2.147,0.0064574000000003,0.0445337931034509,0.0,0.0,0.155075,-0.155075,True
215,215,15.0,2.147,14.9917974,2.147,0.0082026000000006,0.0546840000000041,0.0,0.0,0.15525,-0.15525,True
216,216,15.5,2.147,15.4851362,2.147,0.0148638000000005,0.0958954838709712,0.0,0.0,0.155425,-0.155425,False
217,217,0.5,1.9095,0.499375524,1.9095,0.0006244759999999,0.1248951999999969,0.0,0.0,0.150175,-0.150175,False
218,218,1.0,1.9095,0.998926758,1.9095,0.001073242,0.1073242000000029,0.0,0.0,0.15034999999999998,-0.15034999999999998,False
219,219,1.5,1.9095,1.49806614,1.9095,0.00193386,0.1289240000000043,0.0,0.0,0.150525,-0.150525,False
220,220,2.0,1.9095,1.99804396,1.9095,0.00195604,0.0978020000000023,0.0,0.0,0.1507,-0.1507,False
221,221,2.5,1.9095,2.49787926,1.9095,0.00212074,0.0848296000000026,0.0,0.0,0.15087499999999998,-0.15087499999999998,True
222,222,3.0,1.9095,2.99778575,1.9095,0.0022142500000001,0.0738083333333398,0.0,0.0,0.15105,-0.15105,True
223,223,3.5,1.9095,3.49801293,1.9095,0.0019870700000002,0.0567734285714343,0.0,0.0,0.151225,-0.151225,True
224,224,4.0,1.9095,3.99748868,1.9095,0.0025113199999999,0.0627829999999995,0.0,0.0,0.1514,-0.1514,True
225,225,4.5,1.9095,4.49801241,1.9095,0.0019875899999997,0.0441686666666601,0.0,0.0,0.151575,-0.151575,True
226,226,5.0,1.9095,4.99812378,1.9095,0.0018762199999997,0.0375243999999952,0.0,0.0,0.15175,-0.15175,True
227,227,5.5,1.9095,5.49771367,1.9095,0.0022863299999995,0.0415696363636283,0.0,0.0,0.151925,-0.151925,True
228,228,6.0,1.9095,5.99729389,1.9095,0.00270611,0.0451018333333349,0.0,0.0,0.15209999999999999,-0.15209999999999999,True
229,229,6.5,1.9095,6.49753731,1.9095,0.0024626899999997,0.0378875384615348,0.0,0.0,0.152275,-0.152275,True
230,230,7.0,1.9095,6.99752898,1.9095,0.0024710199999997,0.0353002857142824,0.0,0.0,0.15245,-0.15245,True
231,231,7.5,1.9095,7.49741988,1.9095,0.0025801200000001,0.0344016000000024,0.0,0.0,0.15262499999999998,-0.15262499999999998,True
232,232,8.0,1.9095,7.99712013,1.9095,0.0028798700000001,0.0359983750000014,0.0,0.0,0.1528,-0.1528,True
233,233,8.5,1.9095,8.49740692,1.9095,0.0025930800000004,0.0305068235294172,0.0,0.0,0.152975,-0.152975,True
234,234,9.0,1.9095,8.99708684,1.9095,0.0029131600000003,0.0323684444444478,0.0,0.0,0.15315,-0.15315,True
235,235,9.5,1.9095,9.49712722,1.9095,0.0028727800000005,0.0302397894736902,0.0,0.0,0.153325,-0.153325,True
236,236,10.0,1.9095,9.9974382,1.9095,0.0025618000000005,0.025618000000005,0.0,0.0,0.1535,-0.1535,True
237,237,10.5,1.9095,10.4962248,1.9095,0.0037751999999997,0.0359542857142833,0.0,0.0,0.153675,-0.153675,True
238,238,11.0,1.9095,10.9966654,1.9095,0.0033346000000005,0.0303145454545501,0.0,0.0,0.15385,-0.15385,True
239,239,11.5,1.9095,11.4966778,1.9095,0.0033221999999994,0.0288886956521695,0.0,0.0,0.154025,-0.154025,True
240,240,12.0,1.9095,11.9979042,1.9095,0.0020957999999993,0.0174649999999942,0.0,0.0,0.1542,-0.1542,True
241,241,12.5,1.9095,12.4878942,1.9095,0.0121058000000005,0.096846400000004,0.0,0.0,0.15437499999999998,-0.15437499999999998,False
242,242,13.0,1.9095,12.9872143,1.9095,0.0127857000000002,0.0983515384615402,0.0,0.0,0.15455,-0.15455,False
243,243,13.5,1.9095,13.487719,1.9095,0.0122809999999997,0.0909703703703686,0.0,0.0,0.154725,-0.154725,True
244,244,14.0,1.9095,13.9888047,1.9095,0.0111953000000006,0.0799664285714334,0.0,0.0,0.15489999999999998,-0.15489999999999998,True
245,245,14.5,1.9095,14.48962,1.9095,0.0103799999999996,0.071586206896549,0.0,0.0,0.155075,-0.155075,True
246,246,15.0,1.9095,14.9892374,1.9095,0.0107625999999996,0.0717506666666641,0.0,0.0,0.15525,-0.15525,True
247,247,15.5,1.9095,15.4852756,1.9095,0.0147244000000004,0.0949961290322607,0.0,0.0,0.155425,-0.155425,False
248,248,0.5,1.672,0.499505726,1.672,0.000494274,0.0988548000000033,0.0,0.0,0.150175,-0.150175,False
249,249,1.0,1.672,0.998963229,1.672,0.0010367709999999,0.1036770999999991,0.0,0.0,0.15034999999999998,-0.15034999999999998,False
250,250,1.5,1.672,1.49817384,1.672,0.00182616,0.1217440000000014,0.0,0.0,0.150525,-0.150525,False
251,251,2.0,1.672,1.99827191,1.672,0.00172809,0.0864045000000035,0.0,0.0,0.1507,-0.1507,True
252,252,2.5,1.672,2.49810704,1.672,0.0018929600000001,0.0757184000000066,0.0,0.0,0.15087499999999998,-0.15087499999999998,True
253,253,3.0,1.672,2.99832387,1.672,0.0016761299999998,0.0558709999999962,0.0,0.0,0.15105,-0.15105,True
254,254,3.5,1.672,3.49781543,1.672,0.0021845699999998,0.0624162857142808,0.0,0.0,0.151225,-0.151225,True
255,255,4.0,1.672,3.9978055,1.672,0.0021944999999998,0.0548624999999969,0.0,0.0,0.1514,-0.1514,True
256,256,4.5,1.672,4.49778847,1.672,0.0022115300000002,0.0491451111111176,0.0,0.0,0.151575,-0.151575,True
257,257,5.0,1.672,4.998198,1.672,0.0018019999999996,0.0360399999999927,0.0,0.0,0.15175,-0.15175,True
258,258,5.5,1.672,5.49845785,1.672,0.0015421499999996,0.0280390909090852,0.0,0.0,0.151925,-0.151925,True
259,259,6.0,1.672,5.99764411,1.672,0.0023558899999995,0.0392648333333263,0.0,0.0,0.15209999999999999,-0.15209999999999999,True
260,260,6.5,1.672,6.49793517,1.672,0.0020648300000001,0.0317666153846173,0.0,0.0,0.152275,-0.152275,True
261,261,7.0,1.672,6.99779237,1.672,0.00220763,0.0315375714285716,0.0,0.0,0.15245,-0.15245,True
262,262,7.5,1.672,7.49753042,1.672,0.0024695799999996,0.0329277333333285,0.0,0.0,0.15262499999999998,-0.15262499999999998,True
263,263,8.0,1.672,7.99726609,1.672,0.0027339099999998,0.0341738749999986,0.0,0.0,0.1528,-0.1528,True
264,264,8.5,1.672,8.49751107,1.672,0.0024889300000001,0.0292815294117666,0.0,0.0,0.152975,-0.152975,True
265,265,9.0,1.672,8.99700269,1.672,0.0029973099999995,0.0333034444444398,0.0,0.0,0.15315,-0.15315,True
266,266,9.5,1.672,9.49728516,1.672,0.0027148399999994,0.0285772631578888,0.0,0.0,0.153325,-0.153325,True
267,267,10.0,1.672,9.99775025,1.672,0.0022497500000007,0.0224975000000071,0.0,0.0,0.1535,-0.1535,True
268,268,10.5,1.672,10.4973267,1.672,0.0026732999999996,0.0254599999999967,0.0,0.0,0.153675,-0.153675,True
269,269,11.0,1.672,10.9976019,1.672,0.0023981000000006,0.0218009090909147,0.0,0.0,0.15385,-0.15385,True
270,270,11.5,1.672,11.4966899,1.672,0.0033101000000002,0.0287834782608713,0.0,0.0,0.154025,-0.154025,True
271,271,12.0,1.672,11.9965888,1.672,0.0034112000000003,0.0284266666666699,0.0,0.0,0.1542,-0.1542,True
272,272,12.5,1.672,12.4873256,1.672,0.0126743999999998,0.1013951999999989,0.0,0.0,0.15437499999999998,-0.15437499999999998,False
273,273,13.0,1.672,12.9867872,1.672,0.0132127999999998,0.1016369230769215,0.0,0.0,0.15455,-0.15455,False
274,274,13.5,1.672,13.4927902,1.672,0.0072098,0.0534059259259262,0.0,0.0,0.154725,-0.154725,True
275,275,14.0,1.672,13.9886925,1.672,0.0113074999999991,0.0807678571428509,0.0,0.0,0.15489999999999998,-0.15489999999999998,True
276,276,14.5,1.672,14.4888728,1.672,0.0111272000000006,0.0767393103448322,0.0,0.0,0.155075,-0.155075,True
277,277,15.0,1.672,14.9937194,1.672,0.0062806000000001,0.0418706666666679,0.0,0.0,0.15525,-0.15525,True
278,278,15.5,1.672,15.4880993,1.672,0.0119006999999999,0.0767787096774192,0.0,0.0,0.155425,-0.155425,True
279,279,0.5,1.4345,0.499558524,1.4345,0.0004414759999999,0.0882951999999992,0.0,0.0,0.150175,-0.150175,True
280,280,1.0,1.4345,0.999159745,1.4345,0.0008402549999999,0.0840254999999956,0.0,0.0,0.15034999999999998,-0.15034999999999998,True
281,281,1.5,1.4345,1.49830225,1.4345,0.0016977499999999,0.1131833333333294,0.0,0.0,0.150525,-0.150525,False
282,282,2.0,1.4345,1.99840241,1.4345,0.00159759,0.0798795000000018,0.0,0.0,0.1507,-0.1507,True
283,283,2.5,1.4345,2.49756678,1.4345,0.0024332199999999,0.0973287999999961,0.0,0.0,0.15087499999999998,-0.15087499999999998,False
284,284,3.0,1.4345,2.99796979,1.4345,0.00203021,0.0676736666666677,0.0,0.0,0.15105,-0.15105,True
285,285,3.5,1.4345,3.49826716,1.4345,0.0017328399999998,0.0495097142857099,0.0,0.0,0.151225,-0.151225,True
286,286,4.0,1.4345,3.99790877,1.4345,0.0020912299999999,0.0522807499999999,0.0,0.0,0.1514,-0.1514,True
287,287,4.5,1.4345,4.49714144,1.4345,0.0028585599999999,0.0635235555555545,0.0,0.0,0.151575,-0.151575,True
288,288,5.0,1.4345,4.99805643,1.4345,0.0019435699999998,0.0388713999999978,0.0,0.0,0.15175,-0.15175,True
289,289,5.5,1.4345,5.49849237,1.4345,0.0015076299999998,0.0274114545454522,0.0,0.0,0.151925,-0.151925,True
290,290,6.0,1.4345,5.99786069,1.4345,0.0021393099999995,0.0356551666666593,0.0,0.0,0.15209999999999999,-0.15209999999999999,True
291,291,6.5,1.4345,6.49803163,1.4345,0.0019683700000001,0.0302826153846179,0.0,0.0,0.152275,-0.152275,True
292,292,7.0,1.4345,6.99766618,1.4345,0.0023338199999995,0.0333402857142799,0.0,0.0,0.15245,-0.15245,True
293,293,7.5,1.4345,7.49778227,1.4345,0.0022177299999999,0.0295697333333322,0.0,0.0,0.15262499999999998,-0.15262499999999998,True
294,294,8.0,1.4345,7.99689561,1.4345,0.0031043899999998,0.038804874999998,0.0,0.0,0.1528,-0.1528,True
295,295,8.5,1.4345,8.49708724,1.4345,0.0029127599999991,0.0342677647058727,0.0,0.0,0.152975,-0.152975,True
296,296,9.0,1.4345,8.99763068,1.4345,0.0023693199999996,0.0263257777777741,0.0,0.0,0.15315,-0.15315,True
297,297,9.5,1.4345,9.49737791,1.4345,0.0026220899999991,0.0276009473684119,0.0,0.0,0.153325,-0.153325,True
298,298,10.0,1.4345,9.99803693,1.4345,0.0019630700000003,0.0196307000000039,0.0,0.0,0.1535,-0.1535,True
299,299,10.5,1.4345,10.4973692,1.4345,0.0026308000000003,0.0250552380952416,0.0,0.0,0.153675,-0.153675,True
300,300,11.0,1.4345,10.9972137,1.4345,0.0027863000000003,0.0253300000000032,0.0,0.0,0.15385,-0.15385,True
301,301,11.5,1.4345,11.497068,1.4345,0.0029319999999994,0.0254956521739086,0.0,0.0,0.154025,-0.154025,True
302,302,12.0,1.4345,11.9972025,1.4345,0.0027974999999997,0.0233124999999982,0.0,0.0,0.1542,-0.1542,True
303,303,12.5,1.4345,12.4897011,1.4345,0.0102989000000004,0.0823912000000035,0.0,0.0,0.15437499999999998,-0.15437499999999998,True
304,304,13.0,1.4345,12.9940776,1.4345,0.0059223999999993,0.0455569230769179,0.0,0.0,0.15455,-0.15455,True
305,305,13.5,1.4345,13.4849151,1.4345,0.0150848999999997,0.111739999999998,0.0,0.0,0.154725,-0.154725,False
306,306,14.0,1.4345,13.9899201,1.4345,0.0100798999999991,0.0719992857142795,0.0,0.0,0.15489999999999998,-0.15489999999999998,True
307,307,14.5,1.4345,14.4834811,1.4345,0.0165188999999994,0.1139234482758582,0.0,0.0,0.155075,-0.155075,False
308,308,15.0,1.4345,14.9917046,1.4345,0.0082953999999997,0.0553026666666648,0.0,0.0,0.15525,-0.15525,True
309,309,15.5,1.4345,15.4876777,1.4345,0.0123222999999992,0.0794987096774144,0.0,0.0,0.155425,-0.155425,True
310,310,0.5,1.197,0.499743364,1.197,0.0002566359999999,0.0513271999999953,0.0,0.0,0.150175,-0.150175,True
311,311,1.0,1.197,0.999151926,1.197,0.0008480739999999,0.0848073999999976,0.0,0.0,0.15034999999999998,-0.15034999999999998,True
312,312,1.5,1.197,1.49839236,1.197,0.00160764,0.1071760000000014,0.0,0.0,0.150525,-0.150525,False
313,313,2.0,1.197,1.99851847,1.197,0.0014815299999999,0.0740764999999976,0.0,0.0,0.1507,-0.1507,True
314,314,2.5,1.197,2.49838874,1.197,0.0016112599999997,0.0644503999999912,0.0,0.0,0.15087499999999998,-0.15087499999999998,True
315,315,3.0,1.197,2.99826794,1.197,0.0017320600000001,0.0577353333333382,0.0,0.0,0.15105,-0.15105,True
316,316,3.5,1.197,3.49775147,1.197,0.0022485300000001,0.0642437142857182,0.0,0.0,0.151225,-0.151225,True
317,317,4.0,1.197,3.99865575,1.197,0.0013442499999998,0.0336062499999956,0.0,0.0,0.1514,-0.1514,True
318,318,4.5,1.197,4.49766334,1.197,0.0023366600000001,0.05192577777778,0.0,0.0,0.151575,-0.151575,True
319,319,5.0,1.197,4.99790404,1.197,0.0020959600000001,0.0419192000000023,0.0,0.0,0.15175,-0.15175,True
320,320,5.5,1.197,5.49811074,1.197,0.0018892599999995,0.0343501818181738,0.0,0.0,0.151925,-0.151925,True
321,321,6.0,1.197,5.99806026,1.197,0.00193974,0.0323290000000013,0.0,0.0,0.15209999999999999,-0.15209999999999999,True
322,322,6.5,1.197,6.49741393,1.197,0.0025860700000004,0.039785692307699,0.0,0.0,0.152275,-0.152275,True
323,323,7.0,1.197,6.99751804,1.197,0.0024819599999998,0.0354565714285699,0.0,0.0,0.15245,-0.15245,True
324,324,7.5,1.197,7.49761109,1.197,0.0023889099999996,0.0318521333333284,0.0,0.0,0.15262499999999998,-0.15262499999999998,True
325,325,8.0,1.197,7.99721185,1.197,0.0027881499999997,0.034851874999997,0.0,0.0,0.1528,-0.1528,True
326,326,8.5,1.197,8.49780609,1.197,0.0021939100000007,0.0258107058823623,0.0,0.0,0.152975,-0.152975,True
327,327,9.0,1.197,8.99689707,1.197,0.0031029300000007,0.034477000000008,0.0,0.0,0.15315,-0.15315,True
328,328,9.5,1.197,9.49694152,1.197,0.0030584799999999,0.0321945263157892,0.0,0.0,0.153325,-0.153325,True
329,329,10.0,1.197,9.99749407,1.197,0.0025059299999998,0.0250592999999987,0.0,0.0,0.1535,-0.1535,True
330,330,10.5,1.197,10.4973464,1.197,0.0026536000000003,0.0252723809523844,0.0,0.0,0.153675,-0.153675,True
331,331,11.0,1.197,10.9978808,1.197,0.0021191999999992,0.0192654545454473,0.0,0.0,0.15385,-0.15385,True
332,332,11.5,1.197,11.497417,1.197,0.0025829999999995,0.0224608695652135,0.0,0.0,0.154025,-0.154025,True
333,333,12.0,1.197,11.9978433,1.197,0.0021567000000004,0.0179725000000037,0.0,0.0,0.1542,-0.1542,True
334,334,12.5,1.197,12.4899912,1.197,0.0100087999999995,0.0800703999999967,0.0,0.0,0.15437499999999998,-0.15437499999999998,True
335,335,13.0,1.197,12.9838143,1.197,0.0161856999999994,0.1245053846153801,0.0,0.0,0.15455,-0.15455,False
336,336,13.5,1.197,13.4843564,1.197,0.0156436000000006,0.1158785185185233,0.0,0.0,0.154725,-0.154725,False
337,337,14.0,1.197,13.9860732,1.197,0.0139268000000001,0.0994771428571437,0.0,0.0,0.15489999999999998,-0.15489999999999998,False
338,338,14.5,1.197,14.4854002,1.197,0.0145997999999991,0.1006882758620631,0.0,0.0,0.155075,-0.155075,False
339,339,15.0,1.197,14.9872808,1.197,0.0127191999999993,0.0847946666666625,0.0,0.0,0.15525,-0.15525,True
340,340,15.5,1.197,15.4872208,1.197,0.0127792000000006,0.0824464516129074,0.0,0.0,0.155425,-0.155425,True
341,341,0.5,0.9595,0.499812283,0.9595,0.0001877169999999,0.0375433999999952,0.0,0.0,0.150175,-0.150175,True
342,342,1.0,0.9595,0.999315184,0.9595,0.000684816,0.0684816000000032,0.0,0.0,0.15034999999999998,-0.15034999999999998,True
343,343,1.5,0.9595,1.49813327,0.9595,0.0018667299999999,0.1244486666666618,0.0,0.0,0.150525,-0.150525,False
344,344,2.0,0.9595,1.99868235,0.9595,0.00131765,0.0658825000000029,0.0,0.0,0.1507,-0.1507,True
345,345,2.5,0.9595,2.49839598,0.9595,0.0016040199999998,0.0641607999999926,0.0,0.0,0.15087499999999998,-0.15087499999999998,True
346,346,3.0,0.9595,2.99848848,0.9595,0.0015115200000002,0.050384000000007,0.0,0.0,0.15105,-0.15105,True
347,347,3.5,0.9595,3.49811581,0.9595,0.0018841900000001,0.0538340000000049,0.0,0.0,0.151225,-0.151225,True
348,348,4.0,0.9595,3.99774804,0.9595,0.0022519600000001,0.056299000000004,0.0,0.0,0.1514,-0.1514,True
349,349,4.5,0.9595,4.49730796,0.9595,0.0026920400000003,0.0598231111111186,0.0,0.0,0.151575,-0.151575,True
350,350,5.0,0.9595,4.99815779,0.9595,0.0018422100000003,0.0368442000000079,0.0,0.0,0.15175,-0.15175,True
351,351,5.5,0.9595,5.49813859,0.9595,0.00186141,0.0338438181818193,0.0,0.0,0.151925,-0.151925,True
352,352,6.0,0.9595,5.99786965,0.9595,0.0021303499999998,0.0355058333333306,0.0,0.0,0.15209999999999999,-0.15209999999999999,True
353,353,6.5,0.9595,6.49830956,0.9595,0.0016904399999999,0.0260067692307686,0.0,0.0,0.152275,-0.152275,True
354,354,7.0,0.9595,6.99818685,0.9595,0.0018131500000002,0.0259021428571466,0.0,0.0,0.15245,-0.15245,True
355,355,7.5,0.9595,7.49767586,0.9595,0.0023241399999998,0.0309885333333307,0.0,0.0,0.15262499999999998,-0.15262499999999998,True
356,356,8.0,0.9595,7.99777467,0.9595,0.0022253299999999,0.0278166249999989,0.0,0.0,0.1528,-0.1528,True
357,357,8.5,0.9595,8.49796329,0.9595,0.0020367100000004,0.0239612941176529,0.0,0.0,0.152975,-0.152975,True
358,358,9.0,0.9595,8.99727174,0.9595,0.0027282599999995,0.0303139999999954,0.0,0.0,0.15315,-0.15315,True
359,359,9.5,0.9595,9.49757958,0.9595,0.0024204199999999,0.0254781052631576,0.0,0.0,0.153325,-0.153325,True
360,360,10.0,0.9595,9.99735113,0.9595,0.0026488699999998,0.026488699999998,0.0,0.0,0.1535,-0.1535,True
361,361,10.5,0.9595,10.4973582,0.9595,0.0026417999999992,0.0251599999999928,0.0,0.0,0.153675,-0.153675,True
362,362,11.0,0.9595,10.9985402,0.9595,0.0014597999999992,0.0132709090909021,0.0,0.0,0.15385,-0.15385,True
363,363,11.5,0.9595,11.4968843,0.9595,0.0031157000000003,0.0270930434782642,0.0,0.0,0.154025,-0.154025,True
364,364,12.0,0.9595,11.9977865,0.9595,0.0022134999999998,0.0184458333333322,0.0,0.0,0.1542,-0.1542,True
365,365,12.5,0.9595,12.4895187,0.9595,0.0104813000000003,0.0838504000000028,0.0,0.0,0.15437499999999998,-0.15437499999999998,True
366,366,13.0,0.9595,12.9902954,0.9595,0.0097045999999991,0.0746507692307628,0.0,0.0,0.15455,-0.15455,True
367,367,13.5,0.9595,13.4865143,0.9595,0.0134857000000003,0.0998940740740768,0.0,0.0,0.154725,-0.154725,False
368,368,14.0,0.9595,13.9918176,0.9595,0.0081824000000008,0.05844571428572,0.0,0.0,0.15489999999999998,-0.15489999999999998,True
369,369,14.5,0.9595,14.4907605,0.9595,0.0092394999999996,0.0637206896551698,0.0,0.0,0.155075,-0.155075,True
370,370,15.0,0.9595,14.9912378,0.9595,0.0087621999999996,0.058414666666664,0.0,0.0,0.15525,-0.15525,True
371,371,15.5,0.9595,15.4849197,0.9595,0.0150802999999992,0.0972922580645114,0.0,0.0,0.155425,-0.155425,False
372,372,0.5,0.722,0.500037518,0.722,-3.751799999995864e-05,-0.0075035999999917,0.0,0.0,0.150175,-0.150175,True
373,373,1.0,0.722,0.999580808,0.722,0.0004191919999999,0.0419191999999957,0.0,0.0,0.15034999999999998,-0.15034999999999998,True
374,374,1.5,0.722,1.49872922,0.722,0.00127078,0.0847186666666684,0.0,0.0,0.150525,-0.150525,True
375,375,2.0,0.722,1.99871031,0.722,0.0012896899999998,0.0644844999999949,0.0,0.0,0.1507,-0.1507,True
376,376,2.5,0.722,2.49818861,0.722,0.0018113899999998,0.0724555999999942,0.0,0.0,0.15087499999999998,-0.15087499999999998,True
377,377,3.0,0.722,2.99872708,0.722,0.0012729199999998,0.0424306666666633,0.0,0.0,0.15105,-0.15105,True
378,378,3.5,0.722,3.49757786,0.722,0.0024221400000001,0.0692040000000052,0.0,0.0,0.151225,-0.151225,True
379,379,4.0,0.722,3.99881142,0.722,0.0011885799999999,0.0297144999999998,0.0,0.0,0.1514,-0.1514,True
380,380,4.5,0.722,4.49791364,0.722,0.0020863599999998,0.046363555555552,0.0,0.0,0.151575,-0.151575,True
381,381,5.0,0.722,4.99832862,0.722,0.0016713800000003,0.0334276000000066,0.0,0.0,0.15175,-0.15175,True
382,382,5.5,0.722,5.49789143,0.722,0.0021085699999998,0.0383376363636339,0.0,0.0,0.151925,-0.151925,True
383,383,6.0,0.722,5.99761438,0.722,0.00238562,0.0397603333333348,0.0,0.0,0.15209999999999999,-0.15209999999999999,True
384,384,6.5,0.722,6.49826368,0.722,0.00173632,0.0267126153846155,0.0,0.0,0.152275,-0.152275,True
385,385,7.0,0.722,6.99784183,0.722,0.0021581700000004,0.0308310000000057,0.0,0.0,0.15245,-0.15245,True
386,386,7.5,0.722,7.49806409,0.722,0.0019359100000002,0.0258121333333368,0.0,0.0,0.15262499999999998,-0.15262499999999998,True
387,387,8.0,0.722,7.99721225,0.722,0.0027877500000004,0.0348468750000052,0.0,0.0,0.1528,-0.1528,True
388,388,8.5,0.722,8.49775776,0.722,0.0022422399999992,0.0263792941176386,0.0,0.0,0.152975,-0.152975,True
389,389,9.0,0.722,8.9975821,0.722,0.0024178999999993,0.0268655555555478,0.0,0.0,0.15315,-0.15315,True
390,390,9.5,0.722,9.49772191,0.722,0.0022780900000007,0.0239798947368503,0.0,0.0,0.153325,-0.153325,True
391,391,10.0,0.722,9.99803033,0.722,0.0019696699999993,0.0196966999999936,0.0,0.0,0.1535,-0.1535,True
392,392,10.5,0.722,10.4976324,0.722,0.0023675999999994,0.0225485714285663,0.0,0.0,0.153675,-0.153675,True
393,393,11.0,0.722,10.9976935,0.722,0.0023064999999995,0.0209681818181776,0.0,0.0,0.15385,-0.15385,True
394,394,11.5,0.722,11.4976347,0.722,0.0023652999999992,0.0205678260869498,0.0,0.0,0.154025,-0.154025,True
395,395,12.0,0.722,11.9980175,0.722,0.0019825000000004,0.016520833333337,0.0,0.0,0.1542,-0.1542,True
396,396,12.5,0.722,12.4890576,0.722,0.0109423999999993,0.0875391999999948,0.0,0.0,0.15437499999999998,-0.15437499999999998,True
397,397,13.0,0.722,12.9865879,0.722,0.0134121,0.1031700000000003,0.0,0.0,0.15455,-0.15455,False
398,398,13.5,0.722,13.4879466,0.722,0.0120533999999992,0.0892844444444386,0.0,0.0,0.154725,-0.154725,True
399,399,14.0,0.722,13.9838214,0.722,0.0161785999999999,0.1155614285714281,0.0,0.0,0.15489999999999998,-0.15489999999999998,False
400,400,14.5,0.722,14.4912421,0.722,0.0087579000000008,0.0603993103448336,0.0,0.0,0.155075,-0.155075,True
401,401,15.0,0.722,14.9924749,0.722,0.0075251000000005,0.0501673333333367,0.0,0.0,0.15525,-0.15525,True
402,402,15.5,0.722,15.4950139,0.722,0.0049860999999999,0.0321683870967741,0.0,0.0,0.155425,-0.155425,True
403,403,0.5,0.4845,0.500132344,0.4845,-0.0001323439999999,-0.0264687999999901,0.0,0.0,0.150175,-0.150175,True
404,404,1.0,0.4845,0.999782053,0.4845,0.0002179469999999,0.0217946999999996,0.0,0.0,0.15034999999999998,-0.15034999999999998,True
405,405,1.5,0.4845,1.49872704,0.4845,0.0012729600000001,0.0848640000000067,0.0,0.0,0.150525,-0.150525,True
406,406,2.0,0.4845,1.99921879,0.4845,0.0007812099999999,0.0390604999999988,0.0,0.0,0.1507,-0.1507,True
407,407,2.5,0.4845,2.49832254,0.4845,0.0016774599999997,0.0670983999999919,0.0,0.0,0.15087499999999998,-0.15087499999999998,True
408,408,3.0,0.4845,2.99915577,0.4845,0.0008442299999997,0.0281409999999926,0.0,0.0,0.15105,-0.15105,True
409,409,3.5,0.4845,3.49829303,0.4845,0.0017069699999998,0.0487705714285675,0.0,0.0,0.151225,-0.151225,True
410,410,4.0,0.4845,3.9982744,0.4845,0.0017255999999998,0.043139999999997,0.0,0.0,0.1514,-0.1514,True
411,411,4.5,0.4845,4.49818022,0.4845,0.0018197799999999,0.0404395555555541,0.0,0.0,0.151575,-0.151575,True
412,412,5.0,0.4845,4.99866133,0.4845,0.0013386699999999,0.0267733999999997,0.0,0.0,0.15175,-0.15175,True
413,413,5.5,0.4845,5.49812124,0.4845,0.0018787600000003,0.0341592727272784,0.0,0.0,0.151925,-0.151925,True
414,414,6.0,0.4845,5.99788601,0.4845,0.0021139899999997,0.0352331666666631,0.0,0.0,0.15209999999999999,-0.15209999999999999,True
415,415,6.5,0.4845,6.49857697,0.4845,0.0014230299999997,0.0218927692307656,0.0,0.0,0.152275,-0.152275,True
416,416,7.0,0.4845,6.99790172,0.4845,0.0020982800000002,0.0299754285714318,0.0,0.0,0.15245,-0.15245,True
417,417,7.5,0.4845,7.49856906,0.4845,0.0014309399999996,0.0190791999999954,0.0,0.0,0.15262499999999998,-0.15262499999999998,True
418,418,8.0,0.4845,7.99796508,0.4845,0.0020349199999998,0.0254364999999978,0.0,0.0,0.1528,-0.1528,True
419,419,8.5,0.4845,8.49847612,0.4845,0.0015238800000005,0.0179280000000069,0.0,0.0,0.152975,-0.152975,True
420,420,9.0,0.4845,8.99790337,0.4845,0.0020966300000004,0.0232958888888943,0.0,0.0,0.15315,-0.15315,True
421,421,9.5,0.4845,9.49710973,0.4845,0.0028902699999999,0.0304238947368418,0.0,0.0,0.153325,-0.153325,True
422,422,10.0,0.4845,9.99776432,0.4845,0.00223568,0.0223568000000007,0.0,0.0,0.1535,-0.1535,True
423,423,10.5,0.4845,10.497824,0.4845,0.0021760000000004,0.0207238095238133,0.0,0.0,0.153675,-0.153675,True
424,424,11.0,0.4845,10.998117,0.4845,0.0018829999999994,0.0171181818181764,0.0,0.0,0.15385,-0.15385,True
425,425,11.5,0.4845,11.4970319,0.4845,0.0029681000000003,0.0258095652173944,0.0,0.0,0.154025,-0.154025,True
426,426,12.0,0.4845,11.9982479,0.4845,0.0017520999999991,0.0146008333333262,0.0,0.0,0.1542,-0.1542,True
427,427,12.5,0.4845,12.4872918,0.4845,0.0127082000000005,0.101665600000004,0.0,0.0,0.15437499999999998,-0.15437499999999998,False
428,428,13.0,0.4845,12.9875456,0.4845,0.0124543999999993,0.0958030769230716,0.0,0.0,0.15455,-0.15455,False
429,429,13.5,0.4845,13.4898818,0.4845,0.0101182000000008,0.0749496296296359,0.0,0.0,0.154725,-0.154725,True
430,430,14.0,0.4845,13.9860564,0.4845,0.0139435999999992,0.0995971428571377,0.0,0.0,0.15489999999999998,-0.15489999999999998,False
431,431,14.5,0.4845,14.4815075,0.4845,0.0184925000000006,0.1275344827586254,0.0,0.0,0.155075,-0.155075,False
432,432,15.0,0.4845,14.9874671,0.4845,0.0125329,0.0835526666666671,0.0,0.0,0.15525,-0.15525,True
433,433,15.5,0.4845,15.4917077,0.4845,0.0082923000000008,0.0534987096774245,0.0,0.0,0.155425,-0.155425,True
434,434,0.5,0.247,0.500300311,0.247,-0.000300311,-0.0600622000000106,0.0,0.0,0.150175,-0.150175,True
435,435,1.0,0.247,0.999886357,0.247,0.000113643,0.0113643000000052,0.0,0.0,0.15034999999999998,-0.15034999999999998,True
436,436,1.5,0.247,1.4987043,0.247,0.0012957,0.0863800000000007,0.0,0.0,0.150525,-0.150525,True
437,437,2.0,0.247,1.99903254,0.247,0.00096746,0.0483730000000015,0.0,0.0,0.1507,-0.1507,True
438,438,2.5,0.247,2.49883702,0.247,0.0011629800000001,0.0465192000000058,0.0,0.0,0.15087499999999998,-0.15087499999999998,True
439,439,3.0,0.247,2.99951686,0.247,0.00048314,0.0161046666666682,0.0,0.0,0.15105,-0.15105,True
440,440,3.5,0.247,3.49855402,0.247,0.0014459800000001,0.0413137142857194,0.0,0.0,0.151225,-0.151225,True
441,441,4.0,0.247,3.99857834,0.247,0.0014216600000001,0.0355415000000025,0.0,0.0,0.1514,-0.1514,True
442,442,4.5,0.247,4.49846658,0.247,0.0015334200000003,0.0340760000000075,0.0,0.0,0.151575,-0.151575,True
443,443,5.0,0.247,4.99811627,0.247,0.0018837300000003,0.0376746000000061,0.0,0.0,0.15175,-0.15175,True
444,444,5.5,0.247,5.498155,0.247,0.0018450000000003,0.0335454545454603,0.0,0.0,0.151925,-0.151925,True
445,445,6.0,0.247,5.99763387,0.247,0.0023661300000004,0.0394355000000068,0.0,0.0,0.15209999999999999,-0.15209999999999999,True
446,446,6.5,0.247,6.49875637,0.247,0.0012436300000002,0.0191327692307734,0.0,0.0,0.152275,-0.152275,True
447,447,7.0,0.247,6.99807341,0.247,0.00192659,0.0275227142857151,0.0,0.0,0.15245,-0.15245,True
448,448,7.5,0.247,7.49861354,0.247,0.0013864599999999,0.018486133333333,0.0,0.0,0.15262499999999998,-0.15262499999999998,True
449,449,8.0,0.247,7.99776461,0.247,0.00223539,0.0279423750000007,0.0,0.0,0.1528,-0.1528,True
450,450,8.5,0.247,8.49853257,0.247,0.0014674299999999,0.0172638823529404,0.0,0.0,0.152975,-0.152975,True
451,451,9.0,0.247,8.99751529,0.247,0.0024847099999991,0.0276078888888796,0.0,0.0,0.15315,-0.15315,True
452,452,9.5,0.247,9.4973754,0.247,0.0026246000000007,0.0276273684210605,0.0,0.0,0.153325,-0.153325,True
453,453,10.0,0.247,9.9987123,0.247,0.0012877000000006,0.0128770000000066,0.0,0.0,0.1535,-0.1535,True
454,454,10.5,0.247,10.4977762,0.247,0.0022237999999994,0.0211790476190423,0.0,0.0,0.153675,-0.153675,True
455,455,11.0,0.247,10.9979868,0.247,0.0020132000000003,0.0183018181818216,0.0,0.0,0.15385,-0.15385,True
456,456,11.5,0.247,11.4983532,0.247,0.0016467999999996,0.0143199999999966,0.0,0.0,0.154025,-0.154025,True
457,457,12.0,0.247,11.998102,0.247,0.0018980000000006,0.0158166666666718,0.0,0.0,0.1542,-0.1542,True
458,458,12.5,0.247,12.4913659,0.247,0.0086341,0.0690728000000007,0.0,0.0,0.15437499999999998,-0.15437499999999998,True
459,459,13.0,0.247,12.991961,0.247,0.0080390000000001,0.0618384615384625,0.0,0.0,0.15455,-0.15455,True
460,460,13.5,0.247,13.487665,0.247,0.0123350000000002,0.0913703703703719,0.0,0.0,0.154725,-0.154725,True
461,461,14.0,0.247,13.9911506,0.247,0.0088494000000007,0.0632100000000056,0.0,0.0,0.15489999999999998,-0.15489999999999998,True
462,462,14.5,0.247,14.4883315,0.247,0.0116685000000007,0.0804724137931086,0.0,0.0,0.155075,-0.155075,True
463,463,15.0,0.247,14.9925957,0.247,0.0074042999999992,0.049361999999995,0.0,0.0,0.15525,-0.15525,True
464,464,15.5,0.247,15.4920257,0.247,0.0079743000000007,0.0514470967741984,0.0,0.0,0.155425,-0.155425,True
465,465,0.5,0.0095,0.500320384,0.0095,-0.000320384,-0.0640768000000013,0.0,0.0,0.150175,-0.150175,True
466,466,1.0,0.0095,0.999705652,0.0095,0.000294348,0.0294348000000055,0.0,0.0,0.15034999999999998,-0.15034999999999998,True
467,467,1.5,0.0095,1.49892667,0.0095,0.00107333,0.0715553333333396,0.0,0.0,0.150525,-0.150525,True
468,468,2.0,0.0095,1.99889695,0.0095,0.0011030499999999,0.0551524999999997,0.0,0.0,0.1507,-0.1507,True
469,469,2.5,0.0095,2.49843864,0.0095,0.0015613600000001,0.0624544000000071,0.0,0.0,0.15087499999999998,-0.15087499999999998,True
470,470,3.0,0.0095,2.99904225,0.0095,0.0009577499999999,0.0319249999999993,0.0,0.0,0.15105,-0.15105,True
471,471,3.5,0.0095,3.49845325,0.0095,0.0015467500000001,0.0441928571428614,0.0,0.0,0.151225,-0.151225,True
472,472,4.0,0.0095,3.99797422,0.0095,0.0020257799999998,0.0506444999999966,0.0,0.0,0.1514,-0.1514,True
473,473,4.5,0.0095,4.49824565,0.0095,0.0017543499999996,0.0389855555555485,0.0,0.0,0.151575,-0.151575,True
474,474,5.0,0.0095,4.99858198,0.0095,0.00141802,0.0283604000000003,0.0,0.0,0.15175,-0.15175,True
475,475,5.5,0.0095,5.49884062,0.0095,0.0011593799999998,0.0210796363636331,0.0,0.0,0.151925,-0.151925,True
476,476,6.0,0.0095,5.99783531,0.0095,0.0021646899999998,0.0360781666666643,0.0,0.0,0.15209999999999999,-0.15209999999999999,True
477,477,6.5,0.0095,6.49878689,0.0095,0.0012131100000001,0.0186632307692327,0.0,0.0,0.152275,-0.152275,True
478,478,7.0,0.0095,6.99892529,0.0095,0.0010747100000001,0.015353000000002,0.0,0.0,0.15245,-0.15245,True
479,479,7.5,0.0095,7.49852148,0.0095,0.00147852,0.0197136000000005,0.0,0.0,0.15262499999999998,-0.15262499999999998,True
480,480,8.0,0.0095,7.99849183,0.0095,0.0015081700000001,0.0188521250000017,0.0,0.0,0.1528,-0.1528,True
481,481,8.5,0.0095,8.49784543,0.0095,0.00215457,0.025347882352942,0.0,0.0,0.152975,-0.152975,True
482,482,9.0,0.0095,8.99790094,0.0095,0.0020990600000008,0.0233228888888979,0.0,0.0,0.15315,-0.15315,True
483,483,9.5,0.0095,9.49776061,0.0095,0.0022393899999997,0.0235725263157866,0.0,0.0,0.153325,-0.153325,True
484,484,10.0,0.0095,9.99762798,0.0095,0.0023720199999992,0.0237201999999925,0.0,0.0,0.1535,-0.1535,True
485,485,10.5,0.0095,10.4975304,0.0095,0.0024695999999995,0.0235199999999954,0.0,0.0,0.153675,-0.153675,True
486,486,11.0,0.0095,10.9981223,0.0095,0.0018776999999996,0.0170699999999968,0.0,0.0,0.15385,-0.15385,True
487,487,11.5,0.0095,11.4981263,0.0095,0.0018737000000008,0.0162930434782684,0.0,0.0,0.154025,-0.154025,True
488,488,12.0,0.0095,11.9977196,0.0095,0.0022804,0.0190033333333339,0.0,0.0,0.1542,-0.1542,True
489,489,12.5,0.0095,12.4906314,0.0095,0.0093686000000001,0.0749488000000013,0.0,0.0,0.15437499999999998,-0.15437499999999998,True
490,490,13.0,0.0095,12.9850124,0.0095,0.0149875999999995,0.1152892307692272,0.0,0.0,0.15455,-0.15455,False
491,491,13.5,0.0095,13.4865691,0.0095,0.0134308999999994,0.0994881481481442,0.0,0.0,0.154725,-0.154725,False
492,492,14.0,0.0095,13.9886552,0.0095,0.0113447999999998,0.0810342857142844,0.0,0.0,0.15489999999999998,-0.15489999999999998,True
493,493,14.5,0.0095,14.4891849,0.0095,0.0108151000000003,0.0745868965517262,0.0,0.0,0.155075,-0.155075,True
494,494,15.0,0.0095,14.9944466,0.0095,0.0055534000000001,0.0370226666666676,0.0,0.0,0.15525,-0.15525,True
495,495,15.5,0.0095,15.4902856,0.0095,0.0097144,0.0626735483870968,0.0,0.0,0.155425,-0.155425,True
